link,title,date,score,popularity,sentiment,signal,sector,difference
"https://securityaffairs.co/wordpress/101790/security/cisco-phones-ucs-director-flaws.html","Cisco addresses critical issues in IP Phones and UCS DirectorSecurity Affairs","2020-04-17","3.3225785510000003","2.161380503","-0.33609002619999995","Cisco Systems","Telecom","0.45486528408333327"
"https://threatpost.com/critical-cisco-ip-phone-rce-flaw/154864/?utm_source=twitter&utm_medium=social_Twitter&utm_campaign=Twitter_Posts","Cisco IP Phone Harbors Critical RCE Flaw | Threatpost","2020-04-17","3.125750268","0.2208681518","-0.38098388590000004","Cisco Systems","Telecom","0.45486528408333327"
"https://www.reuters.com/article/us-health-coronavirus-att-investors-idUSKBN21Z1KT?taid=5e99ac01f87ad20001649cf1&utm_campaign=trueAnthem%3A+Trending+Content&utm_medium=trueAnthem&utm_source=twitter","AT&T denies investors a dial-in as annual meeting goes online - Reuters","2020-04-17","3.18608013","0.03543307087","-0.1798898739","Telecommunication","Telecom","0.45486528408333327"
"https://www.reuters.com/article/us-health-coronavirus-att-investors/att-denies-investors-a-dial-in-as-annual-meeting-goes-online-idUSKBN21Z1KT?feedType=RSS&feedName=topNews&utm_source=dlvr.it&utm_medium=twitter","AT&T denies investors a dial-in as annual meeting goes online - Reuters","2020-04-17","3.17459264","0.01181102362","-0.1798898739","Telecommunication","Telecom","0.45486528408333327"
"https://www.reuters.com/article/us-health-coronavirus-att-investors-idUSKBN21Z1KT?taid=5e9a058cf87ad20001649e15&utm_campaign=trueAnthem%3A+Trending+Content&utm_medium=trueAnthem&utm_source=twitter","AT&T denies investors a dial-in as annual meeting goes online - Reuters","2020-04-17","3.155268354","0.07480314961000001","-0.1798898739","Telecommunication","Telecom","0.45486528408333327"
"https://www.dailytrust.com.ng/needless-controversy-on-5g.html","Needless controversy on 5G – Daily Trust","2020-04-17","3.025296345","0.06328657897000001","0.2985047373","Telecommunication","Telecom","0.45486528408333327"
"https://www.ericsson.com/en/5g","Ericsson 5G: made for innovation","2020-04-17","1.901203166","0.228777585","0.5653837757","Ericsson","Telecom","0.45486528408333327"
"https://www.dailypolitical.com/2020/04/17/prysmian-spa-adrs-prymy-overweight-rating-reaffirmed-at-morgan-stanley.html","PRYSMIAN SPA/ADR's (PRYMY) Overweight Rating Reaffirmed at Morgan Stanley | Daily Political","2020-04-17","1.8015978730000002","0.2190963155","0.30721140550000003","Prysmian Group","Telecom","0.45486528408333327"
"https://www.securityweek.com/cisco-patches-critical-flaws-ip-phones-ucs-director","Cisco Patches Critical Flaws in IP Phones, UCS Director | SecurityWeek.Com","2020-04-17","1.765439262","0.2216782436","-0.2895648739","Cisco Systems","Telecom","0.45486528408333327"
"https://www.en24.news/en/2020/04/cisco-launches-2-5-billion-plan-to-support-business-resilience.html","Cisco launches $ 2.5 billion plan to support business resilience | En24 News","2020-04-17","1.584422059","0.23051142870000002","0.5140444999","Cisco Systems","Telecom","0.45486528408333327"
"https://www.malaymail.com/news/malaysia/2020/04/17/ministry-three-additional-sub-sectors-allowed-to-operate-during-mco/1857580","Three additional sub-sectors allowed to operate during MCO, says Domestic Trade Ministry | Malaysia | Malay Mail","2020-04-17","1.954672976","0.01655776841","0.3787192828","Telecommunication","Telecom","0.45486528408333327"
"https://www.rte.ie/news/2020/0408/1129351-why-are-people-attacking-5g-towers-in-the-uk/","Why are people attacking 5G towers in the UK?","2020-04-08","3.4325974410000004","0.01583113456","-0.5613333719","Telecommunication","Telecom","0.339797238525"
"https://www.theepochtimes.com/ag-barr-to-chair-committee-on-reviewing-foreign-involvement-in-us-telecom-network_3302620.html/amp?__twitter_impression=true","AG Barr to Chair Committee on Reviewing Foreign Involvement in US Telecom Network","2020-04-08","3.2377254939999998","0.014454032890000001","0.14248787400000001","Telecommunications network","Telecom","0.339797238525"
"https://www.theepochtimes.com/ag-barr-to-chair-committee-on-reviewing-foreign-involvement-in-us-telecom-network_3302620.html","AG Barr to Chair Committee on Reviewing Foreign Involvement in US Telecom Network","2020-04-08","3.0954152","0.21458333329999998","0.14248787400000001","Telecommunications network","Telecom","0.339797238525"
"https://www.hrw.org/news/2020/04/08/myanmar-3-charged-covid-19-street-art","Myanmar: 3 Charged for COVID-19 Street Art | Human Rights Watch","2020-04-08","3.073541652","0.06382448515","-0.2087219373","Telecommunication","Telecom","0.339797238525"
"https://www.independent.co.uk/news/world/americas/us-politics/ivanka-trump-donald-trump-china-trademarks-zte-jobs-a8373441.html","Ivanka Trump wins 13 new China trademarks - then her father vows to save Chinese telecom giant | The Independent","2020-04-08","3.067031828","0.03421116692","-0.2048120983","Telecommunication","Telecom","0.339797238525"
"https://consumercomplaintscourt.com/airtel-broadband-installation-no-response-from-the-service-provider/","Airtel Broadband Installation - no response from the service provider - Consumer Complaints Court","2020-04-08","1.966765568","0.20859873629999998","-0.2307313788","Bharti Airtel","Telecom","0.339797238525"
"https://www.ericsson.com/en/blog/2020/4/how-5g-and-edge-computing-can-enhance-virtual-reality","How 5G and edge computing can enhance virtual reality - Ericsson","2020-04-08","1.9035076819999999","0.159489147","0.5132884923","Ericsson","Telecom","0.339797238525"
"https://www.newhub2012.com/airtel-xstream-premium-kids-content-now-available-free-for-all-airtel-thanks-members/","Airtel Xstream Premium Kids Content Now Available Free For All Airtel Thanks Members - Daily News Updates - Newhub2012","2020-04-08","1.835946591","0.2147058824","0.3030232546","Bharti Airtel","Telecom","0.339797238525"
"https://meraki.cisco.com/","Cisco Meraki","2020-04-08","1.677057084","0.2199688291","0.3602778893","Cisco Systems","Telecom","0.339797238525"
"https://www.hindustantimes.com/tech/airtel-offered-the-best-video-experience-jio-leads-in-4g-availability-opensignal/story-oLWw72Zvik3vQEtB671uWN.html","Airtel offered the best video experience, Jio leads in 4G availability: OpenSignal - tech - Hindustan Times","2020-04-08","1.6634411669999998","0.2225893249","0.41661345380000003","Bharti Airtel","Telecom","0.339797238525"
"https://www.devdiscourse.com/article/business/999287-airtel-xstream-gives-free-unlimited-access-to-premium-kids-content-library","Airtel Xstream gives free, unlimited access to premium kids content library","2020-04-08","1.5560951219999999","0.22749375079999998","0.3415446372","Bharti Airtel","Telecom","0.339797238525"
"https://www.itworld.com/article/2767344/cisco-launches-workforce-retraining-initiative.html","Cisco launches workforce retraining initiative | ITworld","2020-04-08","1.421845047","0.2043967125","-0.5168052442000001","Cisco Systems","Telecom","0.339797238525"
"https://gadgets.ndtv.com/apps/news/airtel-xstream-app-premium-kids-content-thanks-subscribers-2208203","Airtel Opens Access to Premium Kids Content on Xstream App for All Airtel Thanks Members | Technology News","2020-04-08","1.419952989","0.5017749040999999","0.42734014880000004","Bharti Airtel","Telecom","0.339797238525"
"https://www.ajc.com/news/local/carrollton-superintendent-promises-serious-consequences-racist-video-goes-viral/ToiocrGeUaZJjMOJKNyXIN/","Carrollton High seniors expelled after racist video goes viral","2020-04-17","3.496973288","0.5213940876","-0.1639798285","Tiktok","Social Media","0.34455570702366667"
"https://searchengineland.com/tiktok-vs-snapchat-a-guide-for-marketers-332715?utm_medium=nealschaffer","TikTok vs. Snapchat: A guide for marketers - Search Engine Land","2020-04-17","3.42042771","0.4520439857","-0.2930439618","Tiktok","Social Media","0.34455570702366667"
"https://searchengineland.com/tiktok-vs-snapchat-a-guide-for-marketers-332715","TikTok vs. Snapchat: A guide for marketers - Search Engine Land","2020-04-17","3.2587943530000003","1.130109964","-0.2930439618","Tiktok","Social Media","0.34455570702366667"
"https://scramnews.com/tiktok-investigates-britain-first-tommy-robinson-far-right-hate-videos/","TikTok investigates far-right infiltration as hate videos rack up nearly a million views - Scram News","2020-04-17","3.058601262","9.633768845","-0.3311470247","Tiktok","Social Media","0.34455570702366667"
"https://www.forbes.com/sites/isabeltogoh/2020/04/17/china-just-admitted-coronavirus-death-toll-in-wuhan-was-50-higher-than-reported/?utm_campaign=forbes&utm_source=twitter&utm_medium=social&utm_term=Gordie/#676f7264696","China Just Admitted Coronavirus Death Toll In Wuhan Was 50% Higher Than Reported","2020-04-17","3.046018142","1.242105263","-0.4747810195","LinkedIn","Social Media","0.34455570702366667"
"https://www.timeshighereducation.com/news/researchgate-chief-enthused-lockdown-research-collaboration","ResearchGate chief enthused by lockdown research collaboration | Times Higher Education (THE)","2020-04-17","3.113304546","0.01434848892","0.08211424671","Social network","Social Media","0.34455570702366667"
"https://www.indiatoday.in/television/celebrity/story/kushal-tandon-wants-tiktok-to-be-banned-china-made-it-for-people-who-are-useless-1667882-2020-04-17","Kushal Tandon wants TikTok to be banned in India - Television News","2020-04-17","1.9720641209999998","0.4480769231","0.1888217644","Tiktok","Social Media","0.34455570702366667"
"https://www.tiktok.com/@jjoshkatzz","Josh Katz(@jjoshkatzz) | TikTok","2020-04-17","1.827425646","3.733333333","0.0","Tiktok","Social Media","0.34455570702366667"
"https://www.techrepublic.com/article/understanding-the-dangers-of-social-networking-questionnaires/","Understanding the dangers of social networking questionnaires - TechRepublic","2020-04-17","1.934787298","0.06916123127","0.04974442841","Social networking service","Social Media","0.34455570702366667"
"https://www.socialmediaexaminer.com/becoming-well-known-your-plan-to-becoming-a-recognized-expert-michael-stelzner/","Becoming Well-Known: Your Plan to Becoming a Recognized Expert : Social Media Examiner","2020-04-17","1.930302109","0.04490280318","0.2027465171","Social media marketing","Social Media","0.34455570702366667"
"https://www.socialmediaexaminer.com/becoming-well-known-your-plan-to-becoming-a-recognized-expert-michael-stelzner/?utm_source=dlvr.it&utm_medium=twitter","Becoming Well-Known: Your Plan to Becoming a Recognized Expert : Social Media Examiner","2020-04-17","1.930302109","0.024946001769999997","0.2027465171","Social media marketing","Social Media","0.34455570702366667"
"https://www.freelancer.com/projects/content-writing/technical-content-writer-24972455/","Technical Content Writer  | Content Writing | Technical Writing | Social Media Marketing | Freelancer","2020-04-17","1.880013705","0.014084507040000001","0.16046253130000002","Social media marketing","Social Media","0.34455570702366667"
"http://www.misskimrub.com/2020/04/14/domme-social-media-marketing/","Domme Social Media Marketing - Miss Kim Rub Domme Social Media Marketing","2020-04-17","1.7451958859999999","0.1318379776","0.329851921","Social media marketing","Social Media","0.34455570702366667"
"https://dynamicnews.netsons.org/meno-social-network-piu-giornali-la-pubblicita-alla-prova-coronavirus/?doing_wp_cron=1587171512.3128030300140380859375","Meno social network, più giornali. La pubblicità alla prova coronavirus – RSA","2020-04-17","1.739771664","0.1","-0.21290215710000002","Social networking service","Social Media","0.34455570702366667"
"https://lateststories.readuseful.com/understanding-the-dangers-of-social-networking-questionnaires-readuseful/","Understanding the hazards of social networking questionnaires - ReadUseful - Latest Stories","2020-04-17","1.611265599","0.035379653030000006","0.118739985","Social networking service","Social Media","0.34455570702366667"
"https://9to5mac.com/2020/04/17/new-facebook-reaction/","New Facebook reaction rolling out for posts during COVID crisis - 9to5Mac","2020-04-17","1.5898780769999998","0.05629139073","-0.05112368629","Social networking service","Social Media","0.34455570702366667"
"https://www.bangkokpost.com/business/1897585","Pfizer Identifies Lead  Coronavirus Drug Candidate","2020-04-11","3.561638063","0.2400221152","0.37288264109999997","Pfizer","Pharma","0.4749278927525"
"https://www.dailypolitical.com/2020/04/11/incyte-nasdaqincy-price-target-increased-to-90-00-by-analysts-at-oppenheimer.html","Incyte (NASDAQ:INCY) Price Target Increased to $90.00 by Analysts at Oppenheimer | Daily Political","2020-04-11","3.50838245","0.2230711612","0.6241869347","Incyte","Pharma","0.4749278927525"
"https://www.modernreaders.com/news/2020/04/11/elanco-animal-health-nyseelan-shares-sold-by-man-group-plc.html","Elanco Animal Health (NYSE:ELAN) Shares Sold by Man Group plc - Modern Readers","2020-04-11","3.444438142","0.4540610716","0.628066704","Eli Lilly and Company","Pharma","0.4749278927525"
"https://www.statnews.com/2020/04/09/data-regeneron-arthritis-drug-coronavirus-coming/","Data for Regeneron arthritis drug in coronavirus could come in weeks - STAT","2020-04-11","3.416741203","0.3278420671","0.2026459894","Regeneron","Pharma","0.4749278927525"
"https://www.modernreaders.com/news/2020/04/11/emergent-biosolutions-inc-nyseebs-chairman-sells-1708520-00-in-stock.html","Emergent Biosolutions Inc (NYSE:EBS) Chairman Sells $1,708,520.00 in Stock - Modern Readers","2020-04-11","3.3791893010000003","0.45687868439999996","0.621009345","Emergent BioSolutions","Pharma","0.4749278927525"
"https://onedrop.today/blogs/blog/eli-lilly-insulin-now-available-half-price","Eli Lilly Insulin Now Available Half Price","2020-04-11","3.290286975","0.4344314976","0.31637519199999997","Eli Lilly and Company","Pharma","0.4749278927525"
"https://www.modernreaders.com/news/2020/04/11/incyte-nasdaqincy-rating-reiterated-by-william-blair.html","Incyte (NASDAQ:INCY) Rating Reiterated by William Blair - Modern Readers","2020-04-11","3.281867567","0.45972862789999996","0.6189732407","Incyte","Pharma","0.4749278927525"
"https://www.dailypolitical.com/2020/04/11/emergent-biosolutions-inc-nyseebs-evp-sells-478320-00-in-stock.html","Emergent Biosolutions Inc (NYSE:EBS) EVP Sells $478,320.00 in Stock | Daily Political","2020-04-11","3.142052258","0.21838163","0.6189732407","Emergent BioSolutions","Pharma","0.4749278927525"
"https://www.modernreaders.com/news/2020/04/11/oppenheimer-research-analysts-lift-earnings-estimates-for-incyte-co-nasdaqincy.html","Oppenheimer Research Analysts Lift Earnings Estimates for Incyte Co. (NASDAQ:INCY) - Modern Readers","2020-04-11","3.115030009","0.08236447861","0.4773230454","Incyte","Pharma","0.4749278927525"
"https://www.modernreaders.com/news/2020/04/11/macquarie-group-ltd-grows-position-in-emergent-biosolutions-inc-nyseebs.html","Macquarie Group Ltd. Grows Position in Emergent Biosolutions Inc (NYSE:EBS) - Modern Readers","2020-04-11","3.025206948","0.08792307865","0.5517291857","Emergent BioSolutions","Pharma","0.4749278927525"
"https://apnews.com/7d8b0e32efd0480fbd12acf27729f6a5","More polio cases now caused by vaccine than by wild virus","2020-04-11","3.05732617","3.689931132","-0.6025452115","Vaccine","Pharma","0.4749278927525"
"https://www.standard.co.uk/news/health/coronavirus-vaccine-available-september-oxford-research-a4412371.html?utm_medium=Social&utm_source=Twitter#Echobox=1586598581","Coronavirus vaccine could be available for public by September, Oxford professor says | London Evening Standard","2020-04-11","1.9681806309999998","0.8555400161","-0.2019245375","Vaccine","Pharma","0.4749278927525"
"https://www.phillyvoice.com/coronavirus-vaccine-human-testing-trials-penn-medicine-virus-antibodies-covid-19-patients/","Coronavirus vaccine backed by Bill Gates is being tested on volunteers at Penn | PhillyVoice","2020-04-11","1.80789425","1.2352941179999999","-0.03797063341","Vaccine","Pharma","0.4749278927525"
"https://www.itv.com/news/2020-04-11/coronavirus-vaccine-could-be-ready-by-autumn-says-oxford-professor-sarah-gilbert/","Coronavirus vaccine could be ready by Autumn, says Oxford Professor Sarah Gilbert - ITV News","2020-04-11","1.632203775","20.77636824","0.2998069643","Vaccine","Pharma","0.4749278927525"
"https://childrenshealthdefense.org/news/heres-why-bill-gates-wants-indemnity-are-you-willing-to-take-the-risk/","Here’s why Bill Gates wants indemnity… Are you willing to take the risk? • Children's Health Defense","2020-04-11","1.5756232490000002","0.8608918339","-0.3488523436","Vaccine","Pharma","0.4749278927525"
"https://www.modernreaders.com/news/2020/04/20/raymond-james-trust-n-a-has-509000-position-in-regeneron-pharmaceuticals-inc-nasdaqregn.html","Raymond James Trust N.A. Has $509,000 Position in Regeneron Pharmaceuticals Inc (NASDAQ:REGN) - Modern Readers","2020-04-20","3.478778787","0.07789307416","0.4773230454","Regeneron","Pharma","0.42381094799999997"
"https://www.dailypolitical.com/2020/04/20/brokerages-set-elanco-animal-health-nyseelan-target-price-at-33-25.html","Brokerages Set Elanco Animal Health (NYSE:ELAN) Target Price at $33.25 | Daily Political","2020-04-20","3.409086064","0.07115537327","0.5167058733","Eli Lilly and Company","Pharma","0.42381094799999997"
"https://www.modernreaders.com/news/2020/04/20/brokerages-set-elanco-animal-health-nyseelan-pt-at-33-25.html","Brokerages Set Elanco Animal Health (NYSE:ELAN) PT at $33.25 - Modern Readers","2020-04-20","3.365423254","0.15231305609999998","0.6372219092","Eli Lilly and Company","Pharma","0.42381094799999997"
"https://www.theguardian.com/australia-news/2020/apr/21/no-guarantee-coronavirus-vaccine-will-be-found-soon-infectious-disease-expert-tells-qa?utm_term=Autofeed&CMP=twt_gu&utm_medium&utm_source=Twitter#Echobox=1587421377","No guarantee coronavirus vaccine will be found soon, infectious disease expert tells Q+A | Australia news | The Guardian","2020-04-20","3.220593168","3.306670061","-0.19909607129999998","Vaccine","Pharma","0.42381094799999997"
"https://www.dailytrust.com.ng/no-approved-vaccine-yet-in-nigeria-for-covid-19-who-says.html","No approved vaccine yet in Nigeria for COVID-19, WHO says – Daily Trust","2020-04-20","3.0316999360000003","1.115947421","-0.3094783706","Vaccine","Pharma","0.42381094799999997"
"https://www.timesnownews.com/health/article/israeli-scientist-granted-us-patent-for-novel-coronavirus-vaccine-design/580217","Israeli scientist granted US patent for novel coronavirus vaccine design | Health Tips and  News","2020-04-20","1.802069599","0.7619647709","-0.19927567079999997","Vaccine","Pharma","0.42381094799999997"
"https://www.dailypolitical.com/2020/04/19/regeneron-pharmaceuticals-inc-nasdaqregn-cfo-sells-442271-97-in-stock.html","Regeneron Pharmaceuticals Inc (NASDAQ:REGN) CFO Sells $442,271.97 in Stock | Daily Political","2020-04-19","3.29850697","0.2187415037","0.48192220469999997","Regeneron","Pharma","0.37418787594444447"
"https://www.modernreaders.com/news/2020/04/19/wedbush-securities-inc-sells-1140-shares-of-eli-lilly-and-co-nyselly.html","Wedbush Securities Inc. Sells 1,140 Shares of Eli Lilly And Co (NYSE:LLY) - Modern Readers","2020-04-19","3.2677927589999998","0.08246240778","0.5269483489","Eli Lilly and Company","Pharma","0.37418787594444447"
"https://www.modernreaders.com/news/2020/04/19/kiley-juergens-wealth-management-llc-buys-1665-shares-of-pfizer-inc-nysepfe.html","Kiley Juergens Wealth Management LLC Buys 1,665 Shares of Pfizer Inc. (NYSE:PFE) - Modern Readers","2020-04-19","3.22289925","0.07350355410000001","0.5840502709000001","Pfizer","Pharma","0.37418787594444447"
"https://www.theguardian.com/world/2020/apr/19/coronavirus-vaccine-when-will-we-have-one?utm_term=Autofeed&CMP=twt_gu&utm_medium&utm_source=Twitter#Echobox=1587293364","Coronavirus vaccine: when will we have one? | World news | The Guardian","2020-04-19","3.3469799069999997","3.67654324","0.3820128253","Vaccine","Pharma","0.37418787594444447"
"https://www.jpost.com/HEALTH-SCIENCE/TAU-professor-Were-two-thirds-of-the-way-developing-COVID-19-vaccine-625129","Israeli scientist claims he is two-thirds the way to COVID-19 vaccine - The Jerusalem Post","2020-04-19","3.2501155039999996","3.2542995930000003","-0.3228728587","Vaccine","Pharma","0.37418787594444447"
"https://www.foxnews.com/media/david-katz-coronavirus-vaccine-herd-immunity","Dr. David Katz: Coronavirus vaccine or herd immunity are only ways life can fully return to normal | Fox News","2020-04-19","3.178683131","1.507940294","-0.1386643005","Vaccine","Pharma","0.37418787594444447"
"https://www.independent.co.uk/news/health/coronavirus-vaccine-cure-covid-19-treatment-trial-oxford-university-a9472831.html?utm_term=Autofeed&utm_medium=Social&utm_source=Twitter#Echobox=1587328670","Coronavirus vaccine: No guarantee of successful Covid-19 jab, warns Oxford scientist | The Independent","2020-04-19","3.1195706889999997","3.017098935","0.3492601358","Vaccine","Pharma","0.37418787594444447"
"https://www.reuters.com/article/us-health-coronavirus-tennis-djokovic-idUSKBN2210VI?taid=5e9ce03ef87ad20001161b32&utm_campaign=trueAnthem%3A+Trending+Content&utm_medium=trueAnthem&utm_source=twitter","Djokovic opposes coronavirus vaccination - Reuters","2020-04-19","3.102262402","0.9087119084999999","-0.1322829253","Vaccine","Pharma","0.37418787594444447"
"https://www.theguardian.com/commentisfree/2020/apr/19/coronavirus-vaccine-covid-19-nhs?utm_term=Autofeed&CMP=twt_gu&utm_medium&utm_source=Twitter#Echobox=1587308587","The world needs a coronavirus vaccine. But it will take time | Patrick Vallance | Opinion | The Guardian","2020-04-19","3.0792775389999996","2.97431503","0.35193162130000005","Vaccine","Pharma","0.37418787594444447"
"https://thehill.com/policy/healthcare/493548-former-fda-commissioner-china-may-get-to-a-vaccine-first","Former FDA commissioner: China may get to a vaccine first | TheHill","2020-04-19","1.959491906","1.364161085","-0.1428206179","Vaccine","Pharma","0.37418787594444447"
"https://www.modernreaders.com/news/2020/04/12/abbott-laboratories-abt-to-issue-quarterly-dividend-of-0-36-on-may-15th.html","Abbott Laboratories (ABT) to Issue Quarterly Dividend of $0.36 on  May 15th - Modern Readers","2020-04-12","3.572053968","0.45033337409999996","0.5137483033","Abbott Laboratories","Healthcare","0.5753603049666667"
"https://www.modernreaders.com/news/2020/04/12/abbott-laboratories-nyseabt-earns-buy-rating-from-wells-fargo-co.html","Abbott Laboratories (NYSE:ABT) Earns Buy Rating from Wells Fargo & Co - Modern Readers","2020-04-12","3.372156564","0.4528522069","0.6048960126","Abbott Laboratories","Healthcare","0.5753603049666667"
"https://www.modernreaders.com/news/2020/04/12/johnson-johnson-jnj-set-to-announce-earnings-on-tuesday.html","Johnson & Johnson (JNJ) Set to Announce Earnings on Tuesday - Modern Readers","2020-04-12","3.367801305","0.46052729299999995","0.5814355156000001","Johnson & Johnson","Healthcare","0.5753603049666667"
"https://www.modernreaders.com/news/2020/04/12/svb-leerink-lowers-abbott-laboratories-nyseabt-price-target-to-93-00.html","SVB Leerink Lowers Abbott Laboratories (NYSE:ABT) Price Target to $93.00 - Modern Readers","2020-04-12","3.04696869","0.1327728431","0.5137483033","Abbott Laboratories","Healthcare","0.5753603049666667"
"https://siomni.com/is-johnson-johnson-a-great-dividend-stock/","Is Johnson & Johnson a Great Dividend Stock? - Siomni™","2020-04-12","3.0149198289999997","0.1331757784","0.5295401999","Johnson & Johnson","Healthcare","0.5753603049666667"
"https://www.rawstory.com/2020/04/former-osha-officials-sound-alarm-as-trump-tells-corporations-they-dont-have-to-record-coronavirus-cases-among-their-workers/","Former OSHA officials sound alarm as Trump tells corporations they don’t have to record coronavirus cases among their workers – Raw Story","2020-04-12","3.5432005660000003","1.4408014569999998","-0.30959231800000003","Public health","Healthcare","0.5753603049666667"
"https://thehill.com/homenews/sunday-talk-shows/492399-public-health-expert-if-white-house-had-acted-on-some-officials","Public health expert: If White House had acted on some officials' warnings earlier, 'we'd be in a much better position' | TheHill","2020-04-12","3.396218461","1.4518518519999999","-0.2423041443","Public health","Healthcare","0.5753603049666667"
"https://www.dailywire.com/news/breaking-ag-barr-taking-action-against-gov-officials-who-regulate-religious-services/","BREAKING: AG Barr Taking ‘Action’ Against Gov Officials Who Regulate Religious Services | The Daily Wire","2020-04-12","3.176829577","1.403568717","-0.3069386787","Public health","Healthcare","0.5753603049666667"
"https://www.theguardian.com/world/2020/apr/12/bolsonaro-dragging-brazil-towards-coronavirus-calamity-experts-fear?utm_term=Autofeed&CMP=twt_gu&utm_medium&utm_source=Twitter#Echobox=1586707266","Bolsonaro dragging Brazil towards coronavirus calamity, experts fear | World news | The Guardian","2020-04-12","3.0669428560000003","5.578542784","-0.4122124801","Public health","Healthcare","0.5753603049666667"
"https://www.reuters.com/article/us-health-coronavirus-canada-idUSKCN21U0NJ?taid=5e935033922b190001d7eb61&utm_campaign=trueAnthem:+Trending+Content&utm_medium=trueAnthem&utm_source=twitter","Canada coronavirus deaths rise by more than 12% to 674: public health agency - Reuters","2020-04-12","1.99926703","0.73793934","-0.2700994368","Public health","Healthcare","0.5753603049666667"
"https://www.tampabay.com/news/health/2020/04/11/floridas-count-of-coronavirus-deaths-is-missing-some-cases/","Florida’s count of coronavirus deaths is missing some cases","2020-04-12","1.915007946","0.47938142229999997","-0.660057395","Public health","Healthcare","0.5753603049666667"
"https://apnews.com/6a8f85aad99607f313cca6ab1398e04d","Signs missed and steps slowed in Trump's pandemic response","2020-04-12","1.618529263","1.265974248","-0.30515051190000003","Public health","Healthcare","0.5753603049666667"
"https://www.modernreaders.com/news/2020/04/19/abbott-laboratories-nyseabt-stake-raised-by-rfg-advisory-llc.html","Abbott Laboratories (NYSE:ABT) Stake Raised by RFG Advisory LLC - Modern Readers","2020-04-19","3.306003623","0.452448875","0.5479437970000001","Abbott Laboratories","Healthcare","0.5639504991571428"
"https://www.benzinga.com/media/20/04/15836229/barrons-picks-and-pans-dropbox-ford-johnson-johnson-teladoc-and-more","(DBX), Johnson & Johnson (NYSE:JNJ) - Barron's Picks And Pans: Dropbox, Ford, Johnson & Johnson, Teladoc And More | Benzinga","2020-04-19","3.301567147","0.4124168514","-0.1221259552","Johnson & Johnson","Healthcare","0.5639504991571428"
"https://www.modernreaders.com/news/2020/04/19/abbott-laboratories-nyseabt-sees-significant-decline-in-short-interest.html","Abbott Laboratories (NYSE:ABT) Sees Significant Decline in Short Interest - Modern Readers","2020-04-19","3.031229324","0.4488023064","0.5464523847999999","Abbott Laboratories","Healthcare","0.5639504991571428"
"https://www.modernreaders.com/news/2020/04/19/johnson-johnson-nysejnj-is-wells-trecaso-financial-group-llcs-4th-largest-position.html","Johnson & Johnson (NYSE:JNJ) is Wells Trecaso Financial Group LLC’s 4th Largest Position - Modern Readers","2020-04-19","3.009194776","0.44581807549999997","0.6048960126","Johnson & Johnson","Healthcare","0.5639504991571428"
"https://www.theguardian.com/politics/2020/apr/19/impossible-for-uk-to-meet-covid-19-testing-targets-say-scientists?CMP=share_btn_tw","Impossible for UK to meet Covid-19 testing targets, scientists say | Health policy | The Guardian","2020-04-19","3.2671945","0.6351351351","-0.12535177279999998","Health policy","Healthcare","0.5639504991571428"
"https://www.independent.co.uk/news/uk/home-news/coronavirus-uk-cases-john-ashton-nhs-hospital-covid-19-budget-a9396211.html","Coronavirus UK: Former public health chief condemns slow response | The Independent","2020-04-19","3.16028786","1.035714286","-0.0557227821","Public health","Healthcare","0.5639504991571428"
"https://www.breitbart.com/politics/2020/04/19/ted-cruz-time-to-reopen-the-economy-and-get-texans-back-to-work/","Ted Cruz: Time to Reopen the Economy and Get Texans Back to Work","2020-04-19","3.130851065","0.5235687527","-0.2411116185","Public health","Healthcare","0.5639504991571428"
"https://www.latimes.com/world-nation/story/2020-04-19/coronavirus-outbreak-president-trump-slow-response","Trump lagged on coronavirus pandemic plan, despite warnings - Los Angeles Times","2020-04-19","1.913445892","1.38997275","-0.39895334689999995","Public health","Healthcare","0.5639504991571428"
"https://www.dailypolitical.com/2020/04/06/illumina-nasdaqilmn-price-target-lowered-to-298-00-at-stifel-nicolaus.html","Illumina (NASDAQ:ILMN) Price Target Lowered to $298.00 at Stifel Nicolaus | Daily Political","2020-04-06","3.316729055","0.22261160289999998","0.6856553484000001","Illumina (company)","Healthcare","0.46836636240227275"
"https://www.dailypolitical.com/2020/04/06/illumina-inc-nasdaqilmn-receives-average-recommendation-of-buy-from-brokerages.html","Illumina, Inc. (NASDAQ:ILMN) Receives Average Recommendation of ""Buy"" from Brokerages | Daily Political","2020-04-06","3.21209723","0.21893643010000002","0.4773230454","Illumina (company)","Healthcare","0.46836636240227275"
"https://www.dailypolitical.com/2020/04/06/qiagen-nyseqgen-given-new-40-00-price-target-at-stifel-nicolaus.html","Qiagen (NYSE:QGEN) Given New $40.00 Price Target at Stifel Nicolaus | Daily Political","2020-04-06","3.1037228010000004","0.2244318445","0.5238141953000001","Qiagen","Healthcare","0.46836636240227275"
"https://www.modernreaders.com/news/2020/04/06/johnson-johnson-nysejnj-is-chemung-canal-trust-co-s-5th-largest-position.html","Johnson & Johnson (NYSE:JNJ) is Chemung Canal Trust Co.’s 5th Largest Position - Modern Readers","2020-04-06","3.0833192069999997","0.4518119438","0.6856553484000001","Johnson & Johnson","Healthcare","0.46836636240227275"
"https://www.modernreaders.com/news/2020/04/06/qiagen-nv-nyseqgen-receives-36-44-consensus-pt-from-brokerages.html","Qiagen NV (NYSE:QGEN) Receives $36.44 Consensus PT from Brokerages - Modern Readers","2020-04-06","3.035787487","0.45196126799999997","0.5538182112","Qiagen","Healthcare","0.46836636240227275"
"https://www.dailypolitical.com/2020/04/06/illumina-inc-nasdaqilmn-svp-sells-32176-32-in-stock.html","Illumina, Inc. (NASDAQ:ILMN) SVP Sells $32,176.32 in Stock | Daily Political","2020-04-06","3.034028265","0.2222093681","0.5167058733","Illumina (company)","Healthcare","0.46836636240227275"
"https://thehill.com/homenews/sunday-talk-shows/491237-white-house-coronavirus-experts-warn-of-a-bad-week-ahead","Public health officials warn of grim days ahead: 'This next week is going to look bad' | TheHill","2020-04-06","3.4849635930000002","11.13394185","-0.2599769337","Public health","Healthcare","0.46836636240227275"
"https://www.rawstory.com/2020/04/the-coronavirus-will-soon-wreak-havoc-in-trump-country-heres-why/","The coronavirus will soon wreak havoc in Trump country — here’s why – Raw Story","2020-04-06","3.293137489","2.5272727269999997","-0.3189315512","Public health","Healthcare","0.46836636240227275"
"https://www.breitbart.com/politics/2020/04/06/gop-gears-up-for-next-relief-fight-democrats-want-the-federal-government-to-take-over-elections/","GOP: Democrats ‘Want the Federal Government to Take Over Elections'","2020-04-06","3.166877758","1.822243513","-0.37745018539999997","Public health","Healthcare","0.46836636240227275"
"https://www.snopes.com/fact-check/trump-fire-pandemic-team/","Did Trump Fire the US Pandemic Response Team?","2020-04-06","3.119945786","0.6774193548","-0.2707270578","Public health","Healthcare","0.46836636240227275"
"https://thehill.com/homenews/sunday-talk-shows/491237-white-house-coronavirus-experts-warn-of-a-bad-week-ahead?__twitter_impression=true","Public health officials warn of grim days ahead: 'This next week is going to look bad' | TheHill","2020-04-06","3.067537793","2.5693711969999997","-0.2014172161","Public health","Healthcare","0.46836636240227275"
"https://www.cnbc.com/2020/04/06/cvs-launches-drive-thru-rapid-testing-in-rhode-island-and-georgia.html?__source=twitter%7Cmain","CVS launches drive-thru rapid testing in Rhode Island and Georgia","2020-04-06","1.610239063","0.1071770256","0.248070099","Abbott Laboratories","Healthcare","0.46836636240227275"
"https://news.abs-cbn.com/news/04/06/20/public-health-frontliners-get-extra-risk-pay-under-duterte-order","Public health frontliners get extra risk pay under Duterte order |  ABS-CBN News","2020-04-06","1.9710310930000001","1.50168617","-0.1729536702","Public health","Healthcare","0.46836636240227275"
"https://conversationalist.org/2020/03/27/authoritarian-christians-are-deliberately-undermining-the-public-health-response-to-coronavirus/","Authoritarian Christians are deliberately undermining the public health response to coronavirus | The Conversationalist","2020-04-06","1.921170043","2.165386895","-0.5163498267000001","Public health","Healthcare","0.46836636240227275"
"https://www.thenation.com/article/world/taiwan-who-coronavirus-china/?utm_campaign=SproutSocial&utm_content=thenation&utm_medium=social&utm_source=twitter","The WHO Ignores Taiwan. The World Pays the Price. | The Nation","2020-04-06","1.908597791","1.725396825","-0.2778232766","Public health","Healthcare","0.46836636240227275"
"https://www.factcheck.org/2020/04/trump-falsely-claims-he-inherited-empty-stockpile/","Trump Falsely Claims He Inherited 'Empty' Stockpile - FactCheck.org","2020-04-06","1.8935851000000001","0.6157596035","-0.2949208923","Public health","Healthcare","0.46836636240227275"
"https://www.propublica.org/article/early-data-shows-african-americans-have-contracted-and-died-of-coronavirus-at-an-alarming-rate","Early Data Shows African Americans Have Contracted and Died of Coronavirus at an Alarming Rate — ProPublica","2020-04-06","1.8316268219999998","1.047331466","-0.37659481409999995","Public health","Healthcare","0.46836636240227275"
"https://foreignpolicy.com/2020/04/02/china-coronavirus-who-health-soft-power/","How WHO Became China's Accomplice in the Coronavirus Pandemic","2020-04-06","1.71031175","0.709551768","-0.6144695393","Public health","Healthcare","0.46836636240227275"
"https://www.nytimes.com/2020/04/05/us/politics/trump-hydroxychloroquine-coronavirus.html","Ignoring Expert Opinion, Trump Again Promotes Use of Hydroxychloroquine - The New York Times","2020-04-06","1.684937312","0.6612746214","-0.2768205588","Public health","Healthcare","0.46836636240227275"
"https://www.dailypolitical.com/2020/04/20/abbott-laboratories-nyseabt-pt-raised-to-100-00-at-barclays.html","Abbott Laboratories (NYSE:ABT) PT Raised to $100.00 at Barclays | Daily Political","2020-04-20","3.17355709","0.2221920831","0.4834593908","Abbott Laboratories","Healthcare","0.42361441199666666"
"https://www.jnj.com/latest-news/johnson-johnson-ceo-alex-gorsky-announces-coronavirus-vaccine-candidate","Johnson & Johnson Has Identified a Lead Coronavirus Vaccine Candidate","2020-04-20","3.1197748260000004","0.2037231309","0.19972812899999998","Johnson & Johnson","Healthcare","0.42361441199666666"
"https://www.modernreaders.com/news/2020/04/20/abbott-laboratories-nyseabt-price-target-raised-to-109-00.html","Abbott Laboratories (NYSE:ABT) Price Target Raised to $109.00 - Modern Readers","2020-04-20","3.0971872910000005","0.45581797799999996","0.6048960126","Abbott Laboratories","Healthcare","0.42361441199666666"
"https://www.modernreaders.com/news/2020/04/20/johnson-johnson-nysejnj-shares-purchased-by-old-port-advisors.html","Johnson & Johnson (NYSE:JNJ) Shares Purchased by Old Port Advisors - Modern Readers","2020-04-20","3.054174156","0.45322789950000003","0.6048960126","Johnson & Johnson","Healthcare","0.42361441199666666"
"https://www.theguardian.com/media/2020/apr/20/tv-stations-interview-with-david-icke-posed-threat-to-public-health?utm_term=Autofeed&CMP=twt_gu&utm_medium&utm_source=Twitter#Echobox=1587404203","TV station's interview with David Icke 'posed threat to public health' | Media | The Guardian","2020-04-20","3.417964782","0.5939714437","-0.24076114399999998","Public health","Healthcare","0.42361441199666666"
"https://www.dailymail.co.uk/news/article-8237015/Sweden-records-just-40-new-coronavirus-deaths-latest-figures.html","Coronavirus: Sweden has just 40 new deaths despite no lockdown | Daily Mail Online","2020-04-20","3.068778637","0.5155792937","-0.2588634523","Public health","Healthcare","0.42361441199666666"
"https://thehill.com/homenews/administration/493647-fauci-warns-protests-against-against-stay-at-home-orders-will","Fauci warns protests will 'backfire,' slow economic recovery | TheHill","2020-04-20","1.942112492","1.810473815","-0.2891397303","Public health","Healthcare","0.42361441199666666"
"https://www.thestar.com.my/news/nation/2020/04/20/dr-noor-hisham-m039sians-staying-home-keeping-safe-will-be-my-best-birthday-gift","Dr Noor Hisham: M'sians staying home, keeping safe will be my best birthday gift (updated) | The Star Online","2020-04-20","1.559228662","0.585007728","0.016812718759999998","Public health","Healthcare","0.42361441199666666"
"https://www.dailymail.co.uk/news/article-8236195/Chinese-official-leading-coronavirus-operations-Wuhan-faces-corruption-probe.html?ito=social-twitter_mailonline","Chinese top official who was leading the coronavirus operations in Wuhan faces corruption probe | Daily Mail Online","2020-04-20","1.47167861","0.5055762082","-0.3018387501","Public health","Healthcare","0.42361441199666666"
"https://www.dailypolitical.com/2020/04/11/abbott-laboratories-nyseabt-pt-lowered-to-92-00.html","Abbott Laboratories (NYSE:ABT) PT Lowered to $92.00 | Daily Political","2020-04-11","3.502285353","0.22405580670000003","0.4773230454","Abbott Laboratories","Healthcare","0.3625456018166667"
"https://shero.substack.com/p/trump-continues-to-profit-from-covid?r=1ahbd&utm_campaign=post&utm_medium=web&utm_source=twitter","Trump Continues to Profit from COVID-19 - SHERO","2020-04-11","3.395100059","0.09790209789999998","0.1019311601","Abbott Laboratories","Healthcare","0.3625456018166667"
"https://www.dailypolitical.com/2020/04/11/henry-schein-nasdaqhsic-lifted-to-buy-at-goldman-sachs-group.html","Henry Schein (NASDAQ:HSIC) Lifted to ""Buy"" at Goldman Sachs Group | Daily Political","2020-04-11","3.368784677","0.22245026440000001","0.4773230454","Henry Schein","Healthcare","0.3625456018166667"
"https://www.modernreaders.com/news/2020/04/11/illumina-inc-nasdaqilmn-shares-acquired-by-mg-investment-management-ltd.html","Illumina, Inc. (NASDAQ:ILMN) Shares Acquired by M&G Investment Management Ltd. - Modern Readers","2020-04-11","3.166623543","0.45198049020000003","0.5533214931","Illumina (company)","Healthcare","0.3625456018166667"
"https://www.dailypolitical.com/2020/04/11/illumina-inc-nasdaqilmn-director-sells-569260-00-in-stock.html","Illumina, Inc. (NASDAQ:ILMN) Director Sells $569,260.00 in Stock | Daily Political","2020-04-11","3.166385668","0.2256267191","0.4773230454","Illumina (company)","Healthcare","0.3625456018166667"
"https://news.sky.com/story/coronavirus-johnson-johnson-vows-to-make-not-for-profit-vaccine-11966292","Coronavirus: Johnson & Johnson vows to make 'not-for-profit' vaccine | Business News | Sky News","2020-04-11","3.1639305","0.1243967253","-0.12130478130000001","Johnson & Johnson","Healthcare","0.3625456018166667"
"https://www.modernreaders.com/news/2020/04/11/brokers-set-expectations-for-abbott-laboratories-q2-2020-earnings-nyseabt.html","Brokers Set Expectations for Abbott Laboratories’ Q2 2020 Earnings (NYSE:ABT) - Modern Readers","2020-04-11","3.118810714","0.1104635939","0.6048960126","Abbott Laboratories","Healthcare","0.3625456018166667"
"https://www.theguardian.com/world/2020/apr/11/we-have-nothing-papua-new-guineas-broken-health-system-braces-for-covid-19?utm_term=Autofeed&CMP=twt_gu&utm_medium&utm_source=Twitter#Echobox=1586563207","We have nothing': Papua New Guinea's broken health system braces for Covid-19 | World news | The Guardian","2020-04-11","3.311428114","1.87755102","-0.4188643432","Health system","Healthcare","0.3625456018166667"
"https://www.rawstory.com/2020/04/trump-failed-to-heed-early-covid-19-warnings-due-to-his-deep-state-skepticism-and-white-house-chaos-nyt/","Trump failed to heed early COVID-19 warnings due to his ‘Deep State’ skepticism and White House chaos: NYT – Raw Story","2020-04-11","3.246604571","0.4518803604","-0.1740392668","Public health","Healthcare","0.3625456018166667"
"https://news.sky.com/story/coronavirus-uk-deaths-will-almost-certainly-pass-10000-this-weekend-11971793","Coronavirus: Government must be 'completely honest' about COVID-19 deaths because 'we really don't know the full picture' | UK News | Sky News","2020-04-11","3.042283675","0.5503992847","-0.2941298478","Public health","Healthcare","0.3625456018166667"
"https://www.cnn.com/2020/04/11/politics/trump-economy-coronavirus-analysis/index.html?utm_content=2020-04-11T16%3A01%3A07&utm_medium=social&utm_source=twCNNp&utm_term=image","Trump keeps wanting to reopen the economy. Voters disagree. - CNNPolitics","2020-04-11","3.00064539","1.253106877","-0.1349755919","Public health","Healthcare","0.3625456018166667"
"https://www.politicususa.com/2020/04/11/states-are-livid-after-trump-sends-useless-coronavirus-testing-equipment.html","States Are Livid After Trump Sends Useless Coronavirus Testing Equipment","2020-04-11","1.9980225969999998","1.212862058","0.1381501072","Abbott Laboratories","Healthcare","0.3625456018166667"
"https://www.nytimes.com/2020/04/11/us/politics/coronavirus-trump-response.html","He Could Have Seen What Was Coming: Behind Trump’s Failure on the Virus - The New York Times","2020-04-11","1.9651695359999999","3.057142857","-0.23130591039999998","Public health","Healthcare","0.3625456018166667"
"https://timesofindia.indiatimes.com/india/hydroxychloroquine-should-be-used-as-prophylaxis-not-as-treatment-for-covid-19-icmr/articleshow/75098629.cms?utm_source=twitter.com&utm_medium=social&utm_campaign=TOIDesktop","Hydroxychloroquine should be used as prophylaxis, not as treatment for Covid-19: ICMR | India News - Times of India","2020-04-11","1.90789692","1.311696518","-0.1020438685","Preventive healthcare","Healthcare","0.3625456018166667"
"https://www.nytimes.com/2020/04/11/us/politics/coronavirus-red-dawn-emails-trump.html","The ‘Red Dawn’ Emails: 8 Key Exchanges on the Faltering Response to the Coronavirus - The New York Times","2020-04-11","1.893057344","1.954545455","-0.22310253100000002","Public health","Healthcare","0.3625456018166667"
"https://montrealgazette.com/news/local-news/public-health-police-find-bodies-feces-at-dorval-seniors-residence-sources/wcm/19011f52-7b04-41c4-a674-93bc26283749/amp/?__twitter_impression=true","Public health, police find bodies, feces at Dorval seniors’ residence: sources | Montreal Gazette","2020-04-11","1.756709368","1.6820180880000002","-0.4560846211","Public health","Healthcare","0.3625456018166667"
"https://montrealgazette.com/news/local-news/public-health-police-find-bodies-feces-at-dorval-seniors-residence-sources/wcm/19011f52-7b04-41c4-a674-93bc26283749/?fbclid=IwAR2R31-S4FCgEAXPTjbucCB6wRvGuWp_tzCB7U0VvuSdcBIyvh16a9_8sV0","Public health finds bodies, feces at Dorval seniors’ residence: sources | Montreal Gazette","2020-04-11","1.673276174","3.230579665","-0.4560846211","Public health","Healthcare","0.3625456018166667"
"https://www.ksat.com/news/national/2020/04/13/walmart-ceo-says-were-in-the-hair-color-phase-of-panic-buying/?utm_source=twitter&utm_medium=social&utm_campaign=snd&utm_content=ksat12","Walmart CEO says we’re in the ‘hair color’ phase of panic buying","2020-04-13","3.342390121","0.664096885","0.09216522460000001","Walmart","Food","0.894463636468"
"https://ktla.com/news/local-news/walmart-ceo-says-u-s-is-in-the-hair-color-phase-of-panic-buying/","Walmart CEO says U.S. is in ‘hair color’ phase of panic buying | KTLA","2020-04-13","3.2395117669999998","0.40332778700000005","0.09305293163999999","Walmart","Food","0.894463636468"
"https://thehill.com/homenews/state-watch/492579-michigan-governor-responds-to-meghan-mccain-buying-child-car-seats-not","Michigan governor responds to Meghan McCain: Buying child car seats not banned | TheHill","2020-04-13","3.209385203","0.45529623700000005","0.1809628044","Walmart","Food","0.894463636468"
"https://www.nationalreview.com/2020/04/coronavirus-authoritarianism-is-getting-out-of-hand/","Coronavirus & U.S. State Government Overreach -- Authoritarianism Is Getting Out of Hand | National Review","2020-04-13","3.087448691","0.3622414943","0.1836963432","Walmart","Food","0.894463636468"
"https://www.cnbc.com/2020/04/13/walmart-executive-jamie-iannone-picked-as-ebays-new-ceo.html?__source=twitter%7Cmain","Walmart executive Jamie Iannone picked as eBay's new CEO","2020-04-13","3.039281297","2.9350424989999997","0.37229782549999996","Walmart","Food","0.894463636468"
"https://www.propublica.org/article/walmart-was-almost-charged-criminally-over-opioids-trump-appointees-killed-the-indictment","Walmart Was Almost Charged Criminally Over Opioids.… — ProPublica","2020-04-13","1.8832175690000001","2.299677405","-0.6542883253","Walmart","Food","0.894463636468"
"https://www.propublica.org/article/walmart-hid-that-it-was-under-criminal-investigation-for-its-opioid-sales-lawyers-say","Walmart Hid That It Was Under Criminal Investigation for… — ProPublica","2020-04-13","1.877099628","9.949906171","-0.7657688959000001","Walmart","Food","0.894463636468"
"https://techcrunch.com/2020/04/09/walmart-grocery-app-sees-record-downloads-amid-covid-19-surpasses-amazon-by-20/","Walmart Grocery app sees record downloads amid COVID-19, surpasses Amazon by 20% – TechCrunch","2020-04-09","3.207688642","0.4370588918","0.33005536550000003","Walmart","Food","0.6669894528666667"
"https://www.cnbc.com/2020/04/09/walmart-hires-100000-to-meet-surging-demand-during-coronavirus-pandemic.html?__source=twitter%7Cmain","Walmart hires 100,000 to meet surging demand during coronavirus pandemic","2020-04-09","3.14844611","18.86481568","0.31856242079999997","Walmart","Food","0.6669894528666667"
"https://www.peer.org/the-woman-from-monsanto-inside-interior/","The Woman from Monsanto Inside Interior - PEER.org","2020-04-09","3.071950715","0.5206857784000001","0.1571100402","Monsanto","Food","0.6669894528666667"
"https://www.businessinsider.com/walmart-alice-walton-wealthiest-woman-spends-fortune-2017-9","Walmart's Alice Walton is the world's richest woman with $54.4 billion - Business Insider","2020-04-09","3.052231365","0.42144733700000003","0.5117104528","Walmart","Food","0.6669894528666667"
"https://www.nwitimes.com/business/local/hoosiers-file-133-639-unemployment-insurance-claims-5-times-more-than-during-great-recession/article_1b790347-f1b2-5b70-87c8-cc300ef4e146.html?utm_medium=social&utm_source=twitter&utm_campaign=user-share","Hoosiers file 133,639 unemployment insurance claims, 5 times more than during Great Recession | Northwest Indiana Business Headlines | nwitimes.com","2020-04-09","3.274765995","0.001686340641","-0.10855847689999999","Take-out","Food","0.6669894528666667"
"https://detroitmi.gov/departments/detroit-health-department/programs-and-services/communicable-disease/coronavirus-covid-19#vizContainer","Coronavirus - COVID-19 | City of Detroit","2020-04-09","3.1538102439999998","0.0006016847172","0.2393496078","Take-out","Food","0.6669894528666667"
"https://www.newsbreak.com/news/0OfHT1r8/2-walmart-workers-at-same-store-die-of-coronavirus?s=oldSite&ss=a2","2 Walmart workers at same store die of coronavirus | News Break","2020-04-09","1.665679701","0.663417588","-0.44010995950000004","Walmart","Food","0.6669894528666667"
"https://www.bostonglobe.com/2020/04/07/lifestyle/when-its-their-turn-cook-home-chefs-are-prepping-comfort-food/","When it’s their turn to cook at home, chefs are prepping comfort food - The Boston Globe","2020-04-09","1.874688665","0.0004475794145","-0.41112580950000005","Take-out","Food","0.6669894528666667"
"https://www.businessinsider.com/walmart-requires-face-masks-workers-urges-shoppers-to-wear-them-2020-4","Walmart requires face masks for workers, urges shoppers to wear them - Business Insider","2020-04-18","3.2855983369999997","0.4412092522","0.47454585509999997","Walmart","Food","0.45514808229090903"
"https://www.modernreaders.com/news/2020/04/18/spartannash-co-nasdaqsptn-short-interest-up-39-8-in-march.html","SpartanNash Co (NASDAQ:SPTN) Short Interest Up 39.8% in March - Modern Readers","2020-04-18","3.136715815","0.4552775569","0.628066704","SpartanNash","Food","0.45514808229090903"
"https://www.kxan.com/news/walmart-to-require-associates-to-wear-masks-at-work/?utm_medium=social&utm_source=twitter_KXAN_News","Walmart to require associates to wear masks at work | KXAN.com","2020-04-18","3.1106446169999997","1.857087104","0.47454585509999997","Walmart","Food","0.45514808229090903"
"https://www.cnbc.com/2020/04/18/coronavirus-walmart-to-require-associates-to-wear-masks-at-work.html?__source=twitter%7Cmain","Coronavirus: Walmart to require associates to wear masks at work","2020-04-18","3.102411361","2.3732120219999997","-0.1724445879","Walmart","Food","0.45514808229090903"
"https://www.cnbc.com/2020/04/18/coronavirus-walmart-to-require-associates-to-wear-masks-at-work.html?__source=sharebar|twitter&par=sharebar","Coronavirus: Walmart to require associates to wear masks at work","2020-04-18","3.102411361","1.101848439","-0.1724445879","Walmart","Food","0.45514808229090903"
"https://www.theepochtimes.com/walmart-requires-workers-to-wear-face-masks-at-work_3317466.html","Walmart Requires Workers to Wear Face Masks at Work","2020-04-18","3.047688682","1.792072317","-0.2331571059","Walmart","Food","0.45514808229090903"
"https://www.nwitimes.com/business/local/midwest-express-clinic-offering-testing-for-coronavirus/article_612fef5b-7cec-508e-9066-f817c53d72b6.html?utm_medium=social&utm_source=twitter&utm_campaign=user-share","Midwest Express Clinic offering testing for coronavirus | Northwest Indiana Business Headlines | nwitimes.com","2020-04-18","3.216438905","0.00043649061549999997","-0.10855847689999999","Take-out","Food","0.45514808229090903"
"https://abc7.com/6113481/","Walmart will require all employees to wear face masks starting Monday  - ABC7 Los Angeles","2020-04-18","1.998646586","0.6543193848","-0.2259071953","Walmart","Food","0.45514808229090903"
"https://www.msn.com/en-us/money/companies/walmart-employees-will-be-required-to-wear-face-coverings-from-next-week/ar-BB12ONra?li=BBnb7Kz","Walmart employees will be required to wear face coverings from next week","2020-04-18","1.738358135","1.542928131","-0.5116641411","Walmart","Food","0.45514808229090903"
"http://www.msn.com/en-us/money/companies/walmart-employees-will-be-required-to-wear-face-coverings-from-next-week/ar-BB12ONra?ocid=st2","Walmart employees will be required to wear face coverings from next week","2020-04-18","1.724616885","1.102091522","-0.5116641411","Walmart","Food","0.45514808229090903"
"https://www.reuters.com/article/us-health-coronavirus-walmart/walmart-to-hire-50000-more-workers-in-coronavirus-driven-hiring-spree-idUSKBN21Z32X?il=0","Walmart to hire 50,000 more workers in coronavirus-driven hiring spree - Reuters","2020-04-18","1.646624672","0.4342009904","-0.2751795071","Walmart","Food","0.45514808229090903"
"https://www.cnn.com/2020/04/18/us/walmart-masks-coronavirus/index.html?utm_term=link&utm_source=twCNN&utm_content=2020-04-18T15%3A01%3A04&utm_medium=social","Walmart employees will be required to wear face coverings from next week  - CNN","2020-04-18","1.642529163","3.908809653","-0.5116641411","Walmart","Food","0.45514808229090903"
"https://www.reuters.com/article/us-health-coronavirus-walmart-idUSKBN21Z32X?taid=5e9b19bbf87ad2000164a18e&utm_campaign=trueAnthem%3A+Trending+Content&utm_medium=trueAnthem&utm_source=twitter","Walmart to hire 50,000 more workers in coronavirus-driven hiring spree - Reuters","2020-04-18","1.5817225940000001","19.3520477","-0.2751795071","Walmart","Food","0.45514808229090903"
"https://www.cnn.com/2020/04/18/us/walmart-masks-coronavirus/index.html","Walmart employees will be required to wear face coverings from next week  - CNN","2020-04-18","1.540263467","0.41145364759999997","-0.5116641411","Walmart","Food","0.45514808229090903"
"https://www.reuters.com/article/us-health-coronavirus-walmart-idUSKBN21Z32X?taid=5e9a8bdcf87ad20001649fdd&utm_campaign=trueAnthem%3A+Trending+Content&utm_medium=trueAnthem&utm_source=twitter","Walmart to hire 50,000 more workers in coronavirus-driven hiring spree - Reuters","2020-04-18","1.529819452","19.50041259","-0.2751795071","Walmart","Food","0.45514808229090903"
"https://www.hindustantimes.com/world-news/walmart-to-hire-50-000-more-workers-in-coronavirus-driven-hiring-spree/story-xpJAap6jnMqFU2IVSBiDXO.html","Walmart to hire 50,000 more workers in coronavirus-driven hiring spree - world news - Hindustan Times","2020-04-18","1.5287240480000002","2.632045059","-0.2751795071","Walmart","Food","0.45514808229090903"
"https://www.cnn.com/2020/04/18/us/walmart-masks-coronavirus/index.html?utm_source=dlvr.it&utm_medium=twitter","Walmart employees will be required to wear face coverings from next week  - CNN","2020-04-18","1.4027314180000001","0.41145364759999997","-0.5116641411","Walmart","Food","0.45514808229090903"
"https://www.morningjournal.com/lifestyle/dining-out/take-out-and-delivery-options-in-northeast-ohio/collection_449d1724-8161-11ea-b5f2-1313c6d28369.html?utm_medium=social&utm_content=tw-morningjournal&utm_source=twitter.com&utm_campaign=socialflow","Take-out and delivery options in Northeast Ohio | Dining Out | morningjournal.com","2020-04-18","1.835946591","0.21149425289999998","0.27775848280000004","Take-out","Food","0.45514808229090903"
"https://www.jsonline.com/story/entertainment/dining/2020/03/17/milwaukee-restaurants-and-bars-takeout-delivery-during-coronavirus/5067070002/","Milwaukee restaurants, bars have takeout during coronavirus closures","2020-04-16","3.11308592","0.000366568915","0.12808680349999998","Take-out","Food","0.3727448221"
"https://www.yelp.com/biz/city-barbeque-downers-grove?hrid=WFIPJc2woXupGFzxaJG1aA&utm_campaign=CheckIn&utm_medium=twitter&utm_source=ashare","City Barbeque - Order Food Online - 244 Photos & 141 Reviews - Barbeque - 1034 Ogden Ave - Downers Grove, IL - Phone Number - Menu - Yelp","2020-04-16","1.878693774","0.00018843037499999998","-0.2446580186","Foodservice","Food","0.3727448221"
"https://www.theepochtimes.com/walmart-hires-100000-new-workers-to-meet-spike-in-demand-vp_3305761.html","Walmart Hires 100,000 New Workers to Meet Spike in Demand: VP","2020-04-10","3.2524870289999996","1.079171607","0.04666655084","Walmart","Food","0.330539594285"
"https://popculture.com/trending/2020/04/09/walmart-employees-family-sues-company-wrongful-death-coronavirus-complications/","Walmart Employee's Family Sues Company for Wrongful Death After Man Dies of Coronavirus Complications","2020-04-10","3.002391527","0.4274003465","-0.795942853","Walmart","Food","0.330539594285"
"https://sharylattkisson.com/2020/04/watch-manufacturing-in-america-and-the-coronavirus/","WATCH: Manufacturing in America and the coronavirus | Sharyl Attkisson","2020-04-10","3.117584285","0.0003322259136000001","0.194723215","Foodservice","Food","0.330539594285"
"https://whyy.org/articles/coronavirus-update-more-delaware-correctional-officers-sickened/","Coronavirus update: Delaware state of emergency extended - WHYY","2020-04-10","3.0299579910000003","0.00146627566","-0.1845575511","Foodservice","Food","0.330539594285"
"https://www.nbcnews.com/health/health-news/live-blog/2020-04-10-coronavirus-news-n1180866/ncrd1180956","Walmart sold enough toilet paper in 5 days for every American to have one roll, CEO says","2020-04-10","1.9237844519999998","0.42298850689999995","0.1130739482","Walmart","Food","0.330539594285"
"https://www.delish.com/food-news/a32095569/walmart-bunny-bait-puppy-chow/?utm_campaign=socialflowTWDEL&src=socialflowTW&utm_medium=social-media&utm_source=twitter","Walmart Sells Tubs Of Bunny Bait That Combine Salty And Sweet","2020-04-10","1.8805891469999998","0.44078817929999997","0.3612558638","Walmart","Food","0.330539594285"
"https://www.walmart.com/ip/Jellybeans-Hardcover-9781733771733/328477724","Jellybeans (Hardcover) - Walmart.com - Walmart.com","2020-04-10","1.8057540680000002","0.3924242424","0.24502395989999998","Walmart","Food","0.330539594285"
"https://www.today.com/video/walmart-ceo-doug-mcmillon-encourages-shoppers-to-buy-week-to-week-81879109640","Walmart CEO Doug McMillon encourages shoppers to ‘buy week to week’","2020-04-10","1.804103206","0.4","0.30073223109999997","Walmart","Food","0.330539594285"
"https://www.beckershospitalreview.com/strategy/walmart-health-will-open-2-new-standalone-health-centers-this-summer.html","Walmart Health will open 2 new standalone health centers this summer","2020-04-10","1.702868239","0.4479492475","-0.29127632940000003","Walmart","Food","0.330539594285"
"https://www.foxnews.com/media/new-disney-ceo-bob-chapek-downplays-abc-news-scandals","Disney CEO Bob Chapek downplays ABC News' scandals, 'pervasive anti-conservative bias' | Fox News","2020-04-12","3.2521992739999996","11.46443891","-0.8801765814","The Walt Disney Company","Entertainment","0.5336784157475"
"https://toronto.ctvnews.ca/popular-video-game-release-leads-to-long-line-outside-eb-games-amid-covid-19-outbreak-1.4861455","Popular video game release leads to long line outside EB Games amid COVID-19 outbreak | CTV News","2020-04-12","3.263487623","0.07771421616","0.1611066699","Video game","Entertainment","0.5336784157475"
"https://www.disneyfoodblog.com/2020/04/12/disney-recipe-learn-how-to-make-disneys-grilled-three-cheese-sandwich-from-woodys-lunch-box/?utm_content=bufferd03bc&utm_medium=social&utm_source=twitter.com&utm_campaign=buffer","Disney Recipe: Learn How to Make Disney’s Grilled Three-Cheese Sandwich from Woody’s Lunch Box!","2020-04-12","1.9451234259999999","2.263157895","0.22329013309999998","The Walt Disney Company","Entertainment","0.5336784157475"
"https://www.hindustantimes.com/tech/amazon-prime-now-delivery-app-to-shut-down-in-india/story-EL8gJjPDOZD79b7wWUx6AJ.html","Amazon Prime Now delivery app to shut down in India - tech - Hindustan Times","2020-04-12","1.8995241369999998","4.133217933","0.2257123416","Amazon Video","Entertainment","0.5336784157475"
"https://www.sltrib.com/news/politics/2020/04/10/utah-rep-john-curtis/","Utah Rep. John Curtis bought stocks boosted by coronavirus, disclosures indicate - The Salt Lake Tribune","2020-04-12","1.582587608","0.06724137931","0.30202872070000003","Video game","Entertainment","0.5336784157475"
"https://www.crash.net/motogp/news/937735/1/rossi-enjoys-really-strange-motogp-virtual-race-debut","Rossi enjoys “really strange” MotoGP Virtual Race debut | MotoGP | News","2020-04-12","1.558318655","0.040502988219999994","-0.054457355410000005","Video game","Entertainment","0.5336784157475"
"https://consequenceofsound.net/2020/04/video-games-deformed-body/","Playing Video Games Will Turn Humans Into Deformed Figures: Study | Consequence of Sound","2020-04-07","3.101086923","0.04071888412","-0.11143382210000001","Video game","Entertainment","0.38173602001"
"https://www.marketwatch.com/articles/bob-iger-on-disney-after-coronoavirus-51586252700","Bob Iger on the Future of Disney: Disney World Could Screen for Illnesses After the Coronavirus Crisis - MarketWatch","2020-04-07","1.970666866","0.7939948157","0.2235042866","The Walt Disney Company","Entertainment","0.38173602001"
"https://kost1035.iheart.com/featured/ellen-k/content/2020-04-07-disney-shared-with-us-how-to-make-their-famous-churro-recipe/?Pname=local_social&Sc=editorial&Keyid=socialflow","Disney Shared With Us How To Make Their Famous Churro Recipe!  | KOST 103.5 | Ellen K Morning Show","2020-04-07","1.948550667","0.652899749","0.2733457919","The Walt Disney Company","Entertainment","0.38173602001"
"https://www.sgtreport.com/2020/04/is-disney-really-just-pedophile-inc/","Is Disney Really Just Pedophile Inc ??? - SGT Report","2020-04-07","1.779354219","18.25","0.4919065532","The Walt Disney Company","Entertainment","0.38173602001"
"https://www.theverge.com/2020/4/6/21209681/roku-channel-uk-launch-10000-ad-supported-free-tv-shows-movies-documentaries-kids-and-family?utm_content=socialchamp602LRW4sVn&utm_medium=social&utm_source=twitter.com&utm_campaign=socialchamp.io","Roku’s free ad-supported streaming service is coming to the UK - The Verge","2020-04-07","1.771706878","0.9320081896","0.20156226489999998","Roku","Entertainment","0.38173602001"
"https://downdetector.com/status/hulu/","Hulu down? Current outages and problems | Downdetector","2020-04-07","1.750813146","2.6971291610000003","0.07063734732","Hulu","Entertainment","0.38173602001"
"https://www.screengeek.net/2020/04/07/animaniacs-revival-original-voice-cast-pinky-brain/","Hulu's 'Animaniacs' Revival Includes Original Voice Cast & Pinky And The Brain","2020-04-07","1.733279489","1.077902707","0.3997280949","Hulu","Entertainment","0.38173602001"
"https://people.com/food/disney-shares-famous-churro-recipe/?utm_source=twitter.com&utm_medium=social&utm_campaign=social-share-article","Disney Shares Their Famous Churro Recipe so You Can Feel Like You're at the Most Magical Place on Earth While in Quarantine | PEOPLE.com","2020-04-07","1.60885659","1.485205273","0.08534830648","The Walt Disney Company","Entertainment","0.38173602001"
"https://www.nytimes.com/article/coronavirus-video-game-streaming.html?partner=IFTTT","Is a Pro Video Game Streamer the Most Coronavirus-Proof Job in the World? - The New York Times","2020-04-07","1.971113719","0.023273347880000003","0.20997359989999997","Video game","Entertainment","0.38173602001"
"https://www.webfx.com/blog/internet/the-6-companies-that-own-almost-all-media-infographic/","The 6 Companies That Own (Almost) All Media [INFOGRAPHIC]","2020-04-07","1.8243340280000002","0.023881067409999998","0.6075182043","Video game","Entertainment","0.38173602001"
"http://www.ebru.co.ke/dybala-too-good-for-bale-in-charity-video-game-clash/","Dybala too good for Bale in charity video game clash | Ebru TV Kenya","2020-04-07","1.745710413","0.04312092388","0.1394975296","Video game","Entertainment","0.38173602001"
"https://www.nytimes.com/interactive/2020/04/11/business/economy/coronavirus-us-economy-spending.html","How the Virus Transformed the Way Americans Spend Their Money - The New York Times","2020-04-11","3.304227226","0.04936140835","0.3684629842","Video game","Entertainment","0.3615408216266667"
"https://attractionsmagazine.com/disney-furlough-cast-members-starting-april/","Disney to furlough U.S. cast members starting April 19","2020-04-11","1.9493337919999998","1.321995882","-0.278060986","The Walt Disney Company","Entertainment","0.3615408216266667"
"https://www.pcgamer.com/the-ethernet-standards-group-developed-a-new-speed-so-fast-it-had-to-change-its-name/?utm_content=buffer2a266&utm_medium=social&utm_source=twitter&utm_campaign=buffer-pcgamertw","The Ethernet standards group developed a new speed so fast it had to change its name | PC Gamer","2020-04-11","1.944363676","0.07636363636","0.2367301456","Streaming media","Entertainment","0.3615408216266667"
"https://www.republicworld.com/sports-news/football-news/milan-soccer-rivals-face-off-in-first-video-game-derby.html","Milan soccer rivals face off in first video game derby - Republic World","2020-04-11","1.497308551","0.030197793619999996","0.06209732812000001","Video game","Entertainment","0.3615408216266667"
"https://www.shopify.com/blog/shopify-email","Shopify Email Is Now Available and Completely Free Until October 1, 2020","2020-04-14","3.37802727","0.2165381165","0.5807100873","Shopify","Ecommerce","0.4782674993566667"
"https://www.modernreaders.com/news/2020/04/14/shopify-nyseshop-upgraded-by-zacks-investment-research-to-buy.html","Shopify (NYSE:SHOP) Upgraded by Zacks Investment Research to Buy - Modern Readers","2020-04-14","3.151244285","0.45832817090000005","0.478315284","Shopify","Ecommerce","0.4782674993566667"
"https://news.en24.news/a24/2020/04/aliexpress-will-stop-charging-commissions-for-the-sale-of-products-to-more-than-6000-spanish-companies.html","AliExpress will stop charging commissions for the sale of products to more than 6,000 Spanish companies | En24 News","2020-04-14","3.094106142","0.2125898822","0.3312991575","Alibaba Group","Ecommerce","0.4782674993566667"
"https://www.practicalecommerce.com/ecommerce-product-releases-march-16-2020","Ecommerce Product Releases: March 16, 2020 | Practical Ecommerce","2020-04-14","3.3111089","0.2193476318","0.3035030066","E-commerce","Ecommerce","0.4782674993566667"
"https://searchengineland.com/smx-overtime-3-steps-to-make-e-commerce-faceted-pages-crawlable-and-optimizable-332584?utm_medium=social&utm_source=twitter&utm_campaign=socialflow","SMX Overtime: 3 steps to make e-commerce faceted pages crawlable and optimizable - Search Engine Land","2020-04-14","3.1070001080000003","0.07929943911000001","0.4672679753","E-commerce","Ecommerce","0.4782674993566667"
"https://www.tradingview.com/chart/JD/sjVme0V5-JD-COM-INC-SPON-ADS-EACH-REPR-Long/?utm_source=dlvr.it&utm_medium=twitter","JD.COM INC SPON ADS EACH REPR _ Long for NASDAQ:JD by Alexey_Malorodov — TradingView","2020-04-14","1.960461552","0.2","-0.2921731197","JD.com","Ecommerce","0.4782674993566667"
"https://codequs.com/p/H1564-yvH/react-tutorial-build-an-e-commerce-site-from-scratch-using-react-and-redux","React Tutorial: Build an e-commerce site from scratch using React and Redux","2020-04-14","1.9873628840000002","0.09458436494999999","0.2679425383","E-commerce","Ecommerce","0.4782674993566667"
"https://www.forbes.com/sites/johnkoetsier/2020/04/13/amazon-hired-100000-people-last-month-now-its-hiring-another-75000/?utm_source=TWITTER&utm_medium=social&utm_content=3275757283&utm_campaign=sprinklrForbesMainTwitter#33cbc1419db4","Amazon Hired 100,000 People Last Month. Now It’s Hiring Another 75,000","2020-04-14","1.964528496","0.09165424739","0.3087792104","E-commerce","Ecommerce","0.4782674993566667"
"https://www.forbes.com/sites/isabeltogoh/2020/04/14/amazon-fires-two-more-employees-after-calling-out-warehouse-working-conditions/?utm_campaign=forbes&utm_source=twitter&utm_medium=social&utm_term=Gordie/#676f7264696","Amazon Fires Two More Employees After Calling Out Warehouse Working Conditions","2020-04-14","1.802232176","0.1603375527","-0.2992673877","E-commerce","Ecommerce","0.4782674993566667"
"https://www.learntask.com/course/ecommerce-how-to-get-your-business-online/","Ecommerce For Small Business | Learntask","2020-04-14","1.717130035","1.2","0.0","E-commerce","Ecommerce","0.4782674993566667"
"https://www.huffpost.com/entry/amazon-fires-employees-critical-of-warehouse_n_5e95b322c5b6cc788eaf56ca?utm_source=dlvr.it&utm_medium=twitter","Amazon Fires Two Employees Critical Of Warehouse Working Conditions | HuffPost","2020-04-14","1.5021922669999999","0.07929515419","-0.2615716246","E-commerce","Ecommerce","0.4782674993566667"
"https://www.dailypolitical.com/2020/04/12/analysts-set-etsy-inc-nasdaqetsy-target-price-at-58-36.html","Analysts Set Etsy Inc (NASDAQ:ETSY) Target Price at $58.36 | Daily Political","2020-04-12","3.1256242960000002","0.1221483177","0.5630827524","Etsy","Ecommerce","0.4387283974"
"https://finanz.dk/chinas-e-commerce-sector-reports-more-female-users-report/","China’s e-commerce sector reports more female users: report – Finanz.dk","2020-04-12","1.8450548690000002","0.08269360566","0.124354355","E-commerce","Ecommerce","0.4387283974"
